Admin1,Admin1Pcode,Admin2,Admin2Pcode,Admin3,Admin3Pcode,Admin3PcodeReview,CasSuspect,DecesSuspect,CasConfirmes,DecesConfirmes,Contacts
Kinshasa,CD10,Kinshasa,CD1000,Binza Ozone,CD1000ZS04,CD100004,0,0,0,0,
Kinshasa,CD10,Kinshasa,CD1000,Kasa-Vubu,CD1000ZS10,CD100010,0,0,0,0,
Kinshasa,CD10,Kinshasa,CD1000,Kingabwa,CD1000ZS13,CD100013,0,0,0,0,
Kinshasa,CD10,Kinshasa,CD1000,Kisenso,CD1000ZS17,CD100017,0,0,0,0,
Kinshasa,CD10,Kinshasa,CD1000,Kokolo,CD1000ZS18,CD100018,0,0,0,0,
Kinshasa,CD10,Kinshasa,CD1000,Nsele,CD1000ZS33,CD100033,0,0,0,0,
Kongo-Central,CD20,Matadi,CD2001,Matadi,CD2001ZS01,CD200101,0,0,0,0,
Kongo-Central,CD20,Lukula,CD2005,Lukula,CD2005ZS02,CD200502,0,0,0,0,
Kongo-Central,CD20,Tshela,CD2007,Vaku,CD2007ZS05,CD200705,0,0,0,0,
Kongo-Central,CD20,Luozi,CD2010,Mangembo,CD2010ZS03,CD201003,0,0,0,0,
Kongo-Central,CD20,Songololo,CD2011,Kimpese,CD2011ZS01,CD201101,0,0,0,0,
Kongo-Central,CD20,Songololo,CD2011,Nsona-Mpangu,CD2011ZS02,CD201102,0,0,0,0,
Kongo-Central,CD20,Mbanza-Ngungu,CD2013,Kimpangu,CD2013ZS03,CD201303,0,0,0,0,
Kwango,CD31,Kenge,CD3102,Kimbau,CD3102ZS03,CD310203,0,0,0,0,
Kwango,CD31,Feshi,CD3103,Feshi,CD3103ZS01,CD310301,0,0,0,0,
Kwango,CD31,Feshi,CD3103,Kisanji,CD3103ZS02,CD310302,0,0,0,0,
Kwango,CD31,Kahemba,CD3105,Kahemba,CD3105ZS01,CD310501,0,0,0,0,
Kwango,CD31,Kahemba,CD3105,Kajiji,CD3105ZS02,CD310502,0,0,0,0,
Kwango,CD31,Kasongo-Lunda,CD3106,Wamba Lwadi,CD3106ZS05,CD310605,0,0,0,0,
Kwilu,CD32,Bagata,CD3202,Sia,CD3202ZS03,CD320203,0,0,0,0,
Kwilu,CD32,Kikwit,CD3203,Kikwit-Sud,CD3203ZS02,CD320302,0,0,0,0,
Kwilu,CD32,Bulungu,CD3204,Bulungu,CD3204ZS01,CD320401,0,0,0,0,
Kwilu,CD32,Bulungu,CD3204,Djuma,CD3204ZS02,CD320402,0,0,0,0,
Kwilu,CD32,Bulungu,CD3204,Lusanga,CD3204ZS03,CD320403,0,0,0,0,
Kwilu,CD32,Bulungu,CD3204,Pay Kongila,CD3204ZS04,CD320404,0,0,0,0,
Kwilu,CD32,Bulungu,CD3204,Vanga,CD3204ZS05,CD320405,0,0,0,0,
Kwilu,CD32,Idiofa,CD3206,Idiofa,CD3206ZS01,CD320601,0,0,0,0,
Kwilu,CD32,Idiofa,CD3206,Kimputu,CD3206ZS03,CD320603,0,0,0,0,
Kwilu,CD32,Idiofa,CD3206,Mungindu,CD3206ZS06,CD320606,0,0,0,0,
Kwilu,CD32,Gungu,CD3210,Gungu,CD3210ZS01,CD321001,0,0,0,0,
Kwilu,CD32,Gungu,CD3210,Kingandu,CD3210ZS02,CD321002,0,0,0,0,
Kwilu,CD32,Gungu,CD3210,Mukedi,CD3210ZS03,CD321003,0,0,0,0,
Kwilu,CD32,Masi-Manimba,CD3212,Masi-Manimba,CD3212ZS01,CD321201,0,0,0,0,
Kwilu,CD32,Masi-Manimba,CD3212,Moanza,CD3212ZS02,CD321202,0,0,0,0,
Kwilu,CD32,Masi-Manimba,CD3212,Mosango,CD3212ZS03,CD321203,0,0,0,0,
Maï-Ndombe,CD33,Bolobo,CD3308,Bolobo,CD3308ZS01,CD330801,0,0,0,0,
Maï-Ndombe,CD33,Mushie,CD3311,Mushie,CD3311ZS01,CD331101,0,0,0,0,
Equateur,CD41,Bikoro,CD4102,Iboko,CD4102ZS02,CD410202,0,0,0,0,
Equateur,CD41,Basankusu,CD4107,Basankusu,CD4107ZS01,CD410701,0,0,0,0,
Equateur,CD41,Bolomba,CD4108,Bolomba,CD4108ZS01,CD410801,0,0,0,0,
Sud-Ubangi,CD42,Gemena,CD4202,Bogosenubia,CD4202ZS01,CD420201,0,0,0,0,
Sud-Ubangi,CD42,Gemena,CD4202,Bwamanda,CD4202ZS03,CD420203,0,0,0,0,
Sud-Ubangi,CD42,Libenge,CD4205,Mawuya,CD4205ZS02,CD420502,0,0,0,0,
Bas-Uele,CD52,Bondo,CD5206,Bili,CD5206ZS01,CD520601,0,0,0,0,
Ituri,CD54,Aru,CD5409,Adi,CD5409ZS01,CD540901,0,0,0,0,
Ituri,CD54,Aru,CD5409,Adja,CD5409ZS02,CD540902,0,0,0,0,
Ituri,CD54,Mahagi,CD5407,Angumu,CD5407ZS01,CD540701,0,0,0,0,
Ituri,CD54,Aru,CD5409,Ariwara,CD5409ZS03,CD540903,0,0,0,0,
Ituri,CD54,Aru,CD5409,Aru,CD5409ZS04,CD540904,0,0,0,0,
Nord-Kivu,CD61,Lubero,CD6105,Alimbongo,CD6105ZS01,CD610501,0,0,0,0,
Nord-Kivu,CD61,Rutshuru,CD6111,Bambo,CD6111ZS01,CD611101,0,0,0,0,
Nord-Kivu,CD61,Beni,CD6109,Beni,CD6109ZS01,CD610901,0,0,0,0,
Nord-Kivu,CD61,Lubero,CD6105,Biena,CD6105ZS02,CD610502,0,0,0,0,
Nord-Kivu,CD61,Rutshuru,CD6111,Binza,CD6111ZS02,CD611102,0,0,0,0,
Nord-Kivu,CD61,Rutshuru,CD6111,Birambizo,CD6111ZS03,CD611103,0,0,0,0,
Nord-Kivu,CD61,Butembo,CD6110,Butembo,CD6110ZS01,CD611001,1,0,1,0,ND
Nord-Kivu,CD61,Goma,CD6101,Goma,CD6101ZS01,CD610101,1,0,1,0,ND
Nord-Kivu,CD61,Walikale,CD6104,Itebero,CD6104ZS01,CD610401,0,0,0,0,
Sud-Kivu,CD62,Kabare,CD6202,Kaniola,CD6202ZS02,CD620202,0,0,0,0,
Sud-Kivu,CD62,Kalehe,CD6205,Kalonge,CD6205ZS03,CD620503,0,0,0,0,
Sud-Kivu,CD62,Walungu,CD6207,Kaziba,CD6207ZS01,CD620701,0,0,0,0,
Sud-Kivu,CD62,Walungu,CD6207,Walungu,CD6207ZS04,CD620704,0,0,0,0,
Sud-Kivu,CD62,Uvira,CD6208,Lemera,CD6208ZS02,CD620802,0,0,0,0,
Sud-Kivu,CD62,Uvira,CD6208,Ruzizi,CD6208ZS03,CD620803,0,0,0,0,
Sud-Kivu,CD62,Uvira,CD6208,Uvira,CD6208ZS04,CD620804,0,0,0,0,
Sud-Kivu,CD62,Mwenga,CD6212,Itombwe,CD6212ZS01,CD621201,0,0,0,0,
Haut-Katanga,CD71,Lubumbashi,CD7101,Rwashi,CD7101ZS09,CD710109,0,0,0,0,
Tanganyika,CD74,Manono,CD7406,Ankoro,CD7406ZS01,CD740601,0,0,0,0,
Tanganyika,CD74,Kongolo,CD7409,Mbulula,CD7409ZS02,CD740902,0,0,0,0,
Tanganyika,CD74,Nyunzu,CD7410,Nyunzu,CD7410ZS01,CD741001,0,0,0,0,
Lomami,CD81,Kabinda,CD8102,Kabinda,CD8102ZS01,CD810201,0,0,0,0,
Lomami,CD81,Mwene-Ditu,CD8103,Makota,CD8103ZS01,CD810301,0,0,0,0,
Lomami,CD81,Ngandajika,CD8106,Ngandajika,CD8106ZS03,CD810603,0,0,0,0,
Lomami,CD81,Lubao,CD8108,Tshofa,CD8108ZS03,CD810803,0,0,0,0,
Kasaï-Oriental,CD82,Mbuji-Mayi,CD8201,Bipemba,CD8201ZS01,CD820101,0,0,0,0,
Kasaï-Oriental,CD82,Mbuji-Mayi,CD8201,Bonzola,CD8201ZS02,CD820102,0,0,0,0,
Kasaï-Oriental,CD82,Mbuji-Mayi,CD8201,Diulu,CD8201ZS04,CD820104,0,0,0,0,
Kasaï-Oriental,CD82,Mbuji-Mayi,CD8201,Kansele,CD8201ZS05,CD820105,0,0,0,0,
Kasaï-Oriental,CD82,Mbuji-Mayi,CD8201,Lukelenge,CD8201ZS07,CD820107,0,0,0,0,
Kasaï-Oriental,CD82,Mbuji-Mayi,CD8201,Muya,CD8201ZS09,CD820109,0,0,0,0,
Kasaï-Oriental,CD82,Mbuji-Mayi,CD8201,Nzaba,CD8201ZS10,CD820110,0,0,0,0,
Kasaï-Oriental,CD82,Tshilenge,CD8202,Kasansa,CD8202ZS01,CD820201,0,0,0,0,
Kasaï-Oriental,CD82,Tshilenge,CD8202,Tshilenge,CD8202ZS02,CD820202,0,0,0,0,
Kasaï-Oriental,CD82,Miabi,CD8205,Cilundu,CD8205ZS01,CD820501,0,0,0,0,
Kasaï-Oriental,CD82,Miabi,CD8205,Miabi,CD8205ZS02,CD820502,0,0,0,0,
Kasaï-Oriental,CD82,Kabeya-Kamwanga,CD8207,Kabeya Kamuanga,CD8207ZS01,CD820701,0,0,0,0,
Kasaï-Oriental,CD82,Lupatapata,CD8208,Tshishimbi,CD8208ZS02,CD820802,0,0,0,0,
Kasaï-Oriental,CD82,Katanda,CD8209,Bibanga,CD8209ZS01,CD820901,0,0,0,0,
Kasaï-Oriental,CD82,Katanda,CD8209,Tshitenge,CD8209ZS02,CD820902,0,0,0,0,
Sankuru,CD83,Lodja,CD8303,Lodja,CD8303ZS01,CD830301,0,0,0,0,
Kasaï-Central,CD91,Kananga,CD9101,Bobozo,CD9101ZS01,CD910101,0,0,0,0,
Kasaï-Central,CD91,Kananga,CD9101,Kananga,CD9101ZS02,CD910102,0,0,0,0,
Kasaï-Central,CD91,Kananga,CD9101,Katoka,CD9101ZS03,CD910103,0,0,0,0,
Kasaï-Central,CD91,Kananga,CD9101,Lukonga,CD9101ZS04,CD910104,0,0,0,0,
Kasaï-Central,CD91,Kananga,CD9101,Ndesha,CD9101ZS05,CD910105,0,0,0,0,
Kasaï-Central,CD91,Kananga,CD9101,Tshikaji,CD9101ZS06,CD910106,0,0,0,0,
Kasaï-Central,CD91,Dibaya,CD9102,Bunkonde,CD9102ZS01,CD910201,0,0,0,0,
Kasaï-Central,CD91,Dibaya,CD9102,Lubondaie,CD9102ZS03,CD910203,0,0,0,0,
Kasaï-Central,CD91,Dibaya,CD9102,Tshikula,CD9102ZS04,CD910204,0,0,0,0,
Kasaï-Central,CD91,Luiza,CD9104,Luambo,CD9104ZS01,CD910401,0,0,0,0,
Kasaï-Central,CD91,Luiza,CD9104,Luiza,CD9104ZS02,CD910402,0,0,0,0,
Kasaï-Central,CD91,Luiza,CD9104,Masuika,CD9104ZS03,CD910403,0,0,0,0,
Kasaï-Central,CD91,Luiza,CD9104,Yangala,CD9104ZS04,CD910404,0,0,0,0,
Kasaï-Central,CD91,Kazumba,CD9105,Bilomba,CD9105ZS01,CD910501,0,0,0,0,
Kasaï-Central,CD91,Kazumba,CD9105,Kalomba,CD9105ZS02,CD910502,0,0,0,0,
Kasaï-Central,CD91,Kazumba,CD9105,Mikalayi,CD9105ZS03,CD910503,0,0,0,0,
Kasaï-Central,CD91,Kazumba,CD9105,Ndekesha,CD9105ZS04,CD910504,0,0,0,0,
Kasaï-Central,CD91,Kazumba,CD9105,Tshibala,CD9105ZS05,CD910505,0,0,0,0,
Kasaï-Central,CD91,Demba,CD9106,Bena Leka,CD9106ZS01,CD910601,0,0,0,0,
Kasaï-Central,CD91,Demba,CD9106,Demba,CD9106ZS02,CD910602,0,0,0,0,
Kasaï-Central,CD91,Demba,CD9106,Mutoto,CD9106ZS03,CD910603,0,0,0,0,
Kasaï-Central,CD91,Dimbelenge,CD9107,Bena Tshiadi,CD9107ZS01,CD910701,0,0,0,0,
Kasaï-Central,CD91,Dimbelenge,CD9107,Katende,CD9107ZS02,CD910702,0,0,0,0,
Kasaï-Central,CD91,Dimbelenge,CD9107,Muetshi,CD9107ZS04,CD910704,0,0,0,0,
Kasaï,CD92,Kamonia,CD9202,Kamonia,CD9202ZS02,CD920202,0,0,0,0,
Kasaï,CD92,Kamonia,CD9202,Kamwesha,CD9202ZS03,CD920203,0,0,0,0,
Kasaï,CD92,Kamonia,CD9202,Kitangwa,CD9202ZS05,CD920205,0,0,0,0,
Kasaï,CD92,Kamonia,CD9202,Mutena,CD9202ZS06,CD920206,0,0,0,0,
Kasaï,CD92,Luebo,CD9204,Ndjoko-Mpunda,CD9204ZS02,CD920402,0,0,0,0,
Kasaï,CD92,Ilebo,CD9205,Ilebo,CD9205ZS02,CD920502,0,0,0,0,
Kasaï,CD92,Ilebo,CD9205,Mikope,CD9205ZS03,CD920503,0,0,0,0,
Kinshasa,CD10,Kinshasa,CD1000,Bandalungwa,CD1000ZS01,CD100001,0,0,0,0,
Kinshasa,CD10,Kinshasa,CD1000,Barumbu,CD1000ZS02,CD100002,0,0,0,0,
Kinshasa,CD10,Kinshasa,CD1000,Binza Meteo,CD1000ZS03,CD100003,0,0,0,0,
Kinshasa,CD10,Kinshasa,CD1000,Biyela,CD1000ZS05,CD100005,0,0,0,0,
Kinshasa,CD10,Kinshasa,CD1000,Bumbu,CD1000ZS06,CD100006,0,0,0,0,
Kinshasa,CD10,Kinshasa,CD1000,Gombe,CD1000ZS07,CD100007,0,0,0,0,
Kinshasa,CD10,Kinshasa,CD1000,Kalamu I,CD1000ZS08,CD100008,0,0,0,0,
Kinshasa,CD10,Kinshasa,CD1000,Kalamu II,CD1000ZS09,CD100009,0,0,0,0,
Kinshasa,CD10,Kinshasa,CD1000,Kikimi,CD1000ZS11,CD100011,0,0,0,0,
Kinshasa,CD10,Kinshasa,CD1000,Kimbanseke,CD1000ZS12,CD100012,0,0,0,0,
Kinshasa,CD10,Kinshasa,CD1000,Kingasani,CD1000ZS14,CD100014,0,0,0,0,
Kinshasa,CD10,Kinshasa,CD1000,Kinshasa,CD1000ZS15,CD100015,0,0,0,0,
Kinshasa,CD10,Kinshasa,CD1000,Kintambo,CD1000ZS16,CD100016,0,0,0,0,
Kinshasa,CD10,Kinshasa,CD1000,Lemba,CD1000ZS19,CD100019,0,0,0,0,
Kinshasa,CD10,Kinshasa,CD1000,Limete,CD1000ZS20,CD100020,0,0,0,0,
Kinshasa,CD10,Kinshasa,CD1000,Lingwala,CD1000ZS21,CD100021,0,0,0,0,
Kinshasa,CD10,Kinshasa,CD1000,Makala,CD1000ZS22,CD100022,0,0,0,0,
Kinshasa,CD10,Kinshasa,CD1000,Maluku I,CD1000ZS23,CD100023,0,0,0,0,
Kinshasa,CD10,Kinshasa,CD1000,Maluku II,CD1000ZS24,CD100024,0,0,0,0,
Kinshasa,CD10,Kinshasa,CD1000,Masina I,CD1000ZS25,CD100025,0,0,0,0,
Kinshasa,CD10,Kinshasa,CD1000,Masina II,CD1000ZS26,CD100026,0,0,0,0,
Kinshasa,CD10,Kinshasa,CD1000,Matete,CD1000ZS27,CD100027,0,0,0,0,
Kinshasa,CD10,Kinshasa,CD1000,Mont Ngafula I,CD1000ZS28,CD100028,0,0,0,0,
Kinshasa,CD10,Kinshasa,CD1000,Mont Ngafula II,CD1000ZS29,CD100029,0,0,0,0,
Kinshasa,CD10,Kinshasa,CD1000,Ndjili,CD1000ZS30,CD100030,0,0,0,0,
Kinshasa,CD10,Kinshasa,CD1000,Ngaba,CD1000ZS31,CD100031,0,0,0,0,
Kinshasa,CD10,Kinshasa,CD1000,Ngiri-Ngiri,CD1000ZS32,CD100032,0,0,0,0,
Kinshasa,CD10,Kinshasa,CD1000,Police,CD1000ZS34,CD100034,0,0,0,0,
Kinshasa,CD10,Kinshasa,CD1000,Selembao,CD1000ZS35,CD100035,0,0,0,0,
Kongo-Central,CD20,Matadi,CD2001,Nzanza,CD2001ZS02,CD200102,0,0,0,0,
Kongo-Central,CD20,Boma,CD2002,Boma,CD2002ZS01,CD200201,0,0,0,0,
Kongo-Central,CD20,Moanda,CD2003,Boma Bungu,CD2003ZS01,CD200301,0,0,0,0,
Kongo-Central,CD20,Moanda,CD2003,Kitona,CD2003ZS02,CD200302,0,0,0,0,
Kongo-Central,CD20,Moanda,CD2003,Moanda,CD2003ZS03,CD200303,0,0,0,0,
Kongo-Central,CD20,Lukula,CD2005,Kangu,CD2005ZS01,CD200501,0,0,0,0,
Kongo-Central,CD20,Tshela,CD2007,Kinkonzi,CD2007ZS01,CD200701,0,0,0,0,
Kongo-Central,CD20,Tshela,CD2007,Kizu,CD2007ZS02,CD200702,0,0,0,0,
Kongo-Central,CD20,Tshela,CD2007,Kuimba,CD2007ZS03,CD200703,0,0,0,0,
Kongo-Central,CD20,Tshela,CD2007,Tshela,CD2007ZS04,CD200704,0,0,0,0,
Kongo-Central,CD20,Seke-Banza,CD2009,Inga,CD2009ZS01,CD200901,0,0,0,0,
Kongo-Central,CD20,Seke-Banza,CD2009,Seke-Banza,CD2009ZS02,CD200902,0,0,0,0,
Kongo-Central,CD20,Luozi,CD2010,Kibunzi,CD2010ZS01,CD201001,0,0,0,0,
Kongo-Central,CD20,Luozi,CD2010,Luozi,CD2010ZS02,CD201002,0,0,0,0,
Kongo-Central,CD20,Mbanza-Ngungu,CD2013,Boko-Kivulu,CD2013ZS01,CD201301,0,0,0,0,
Kongo-Central,CD20,Mbanza-Ngungu,CD2013,Gombe-Matadi,CD2013ZS02,CD201302,0,0,0,0,
Kongo-Central,CD20,Mbanza-Ngungu,CD2013,Kwilu-Ngongo,CD2013ZS04,CD201304,0,0,0,0,
Kongo-Central,CD20,Mbanza-Ngungu,CD2013,Mbanza-Ngungu,CD2013ZS05,CD201305,0,0,0,0,
Kongo-Central,CD20,Kasangulu,CD2015,Masa,CD2015ZS01,CD201501,0,0,0,0,
Kongo-Central,CD20,Kasangulu,CD2015,Sona-Bata,CD2015ZS02,CD201502,0,0,0,0,
Kongo-Central,CD20,Madimba,CD2017,Kisantu,CD2017ZS01,CD201701,0,0,0,0,
Kongo-Central,CD20,Madimba,CD2017,Ngidinga,CD2017ZS02,CD201702,0,0,0,0,
Kongo-Central,CD20,Madimba,CD2017,Nselo,CD2017ZS03,CD201703,0,0,0,0,
Kongo-Central,CD20,Kimvula,CD2019,Kimvula,CD2019ZS01,CD201901,0,0,0,0,
Kwango,CD31,Kenge,CD3102,Boko,CD3102ZS01,CD310201,0,0,0,0,
Kwango,CD31,Kenge,CD3102,Kenge,CD3102ZS02,CD310202,0,0,0,0,
Kwango,CD31,Feshi,CD3103,Mwela Lembwa,CD3103ZS03,CD310303,0,0,0,0,
Kwango,CD31,Kasongo-Lunda,CD3106,Kasongo Lunda,CD3106ZS01,CD310601,0,0,0,0,
Kwango,CD31,Kasongo-Lunda,CD3106,Kitenda,CD3106ZS02,CD310602,0,0,0,0,
Kwango,CD31,Kasongo-Lunda,CD3106,Panzi,CD3106ZS03,CD310603,0,0,0,0,
Kwango,CD31,Kasongo-Lunda,CD3106,Tembo,CD3106ZS04,CD310604,0,0,0,0,
Kwango,CD31,Popokabaka,CD3108,Popokabaka,CD3108ZS01,CD310801,0,0,0,0,
Kwilu,CD32,Bandundu,CD3201,Bandundu,CD3201ZS01,CD320101,0,0,0,0,
Kwilu,CD32,Bagata,CD3202,Bagata,CD3202ZS01,CD320201,0,0,0,0,
Kwilu,CD32,Bagata,CD3202,Kikongo,CD3202ZS02,CD320202,0,0,0,0,
Kwilu,CD32,Kikwit,CD3203,Kikwit-Nord,CD3203ZS01,CD320301,0,0,0,0,
Kwilu,CD32,Idiofa,CD3206,Ipamu,CD3206ZS02,CD320602,0,0,0,0,
Kwilu,CD32,Idiofa,CD3206,Koshibanda,CD3206ZS04,CD320604,0,0,0,0,
Kwilu,CD32,Idiofa,CD3206,Mokala,CD3206ZS05,CD320605,0,0,0,0,
Kwilu,CD32,Masi-Manimba,CD3212,Yasa-Bonga,CD3212ZS04,CD321204,0,0,0,0,
Maï-Ndombe,CD33,Inongo,CD3302,Banjow Moke,CD3302ZS01,CD330201,0,0,0,0,
Maï-Ndombe,CD33,Inongo,CD3302,Inongo,CD3302ZS02,CD330202,0,0,0,0,
Maï-Ndombe,CD33,Inongo,CD3302,Ntandembelo,CD3302ZS03,CD330203,0,0,0,0,
Maï-Ndombe,CD33,Kiri,CD3303,Kiri,CD3303ZS01,CD330301,0,0,0,0,
Maï-Ndombe,CD33,Kiri,CD3303,Penjwa,CD3303ZS02,CD330302,0,0,0,0,
Maï-Ndombe,CD33,Oshwe,CD3304,Bosobe,CD3304ZS01,CD330401,0,0,0,0,
Maï-Ndombe,CD33,Oshwe,CD3304,Mimia,CD3304ZS02,CD330402,0,0,0,0,
Maï-Ndombe,CD33,Oshwe,CD3304,Oshwe,CD3304ZS03,CD330403,0,0,0,0,
Maï-Ndombe,CD33,Kutu,CD3306,Bokoro,CD3306ZS01,CD330601,0,0,0,0,
Maï-Ndombe,CD33,Kutu,CD3306,Nioki,CD3306ZS02,CD330602,0,0,0,0,
Maï-Ndombe,CD33,Kwamouth,CD3307,Kwamouth,CD3307ZS01,CD330701,0,0,0,0,
Maï-Ndombe,CD33,Yumbi,CD3310,Yumbi,CD3310ZS01,CD331001,0,0,0,0,
Equateur,CD41,Mbandaka,CD4101,Bolenge,CD4101ZS01,CD410101,0,0,0,0,
Equateur,CD41,Mbandaka,CD4101,Mbandaka,CD4101ZS02,CD410102,0,0,0,0,
Equateur,CD41,Mbandaka,CD4101,Wangata,CD4101ZS03,CD410103,0,0,0,0,
Equateur,CD41,Bikoro,CD4102,Bikoro,CD4102ZS01,CD410201,0,0,0,0,
Equateur,CD41,Bikoro,CD4102,Ntondo,CD4102ZS03,CD410203,0,0,0,0,
Equateur,CD41,Lukolela,CD4103,Irebu,CD4103ZS01,CD410301,0,0,0,0,
Equateur,CD41,Lukolela,CD4103,Lukolela,CD4103ZS02,CD410302,0,0,0,0,
Equateur,CD41,Bomongo,CD4104,Bomongo,CD4104ZS01,CD410401,0,0,0,0,
Equateur,CD41,Bomongo,CD4104,Lilanga Bobangi,CD4104ZS02,CD410402,0,0,0,0,
Equateur,CD41,Makanza,CD4105,Makanza,CD4105ZS01,CD410501,0,0,0,0,
Equateur,CD41,Basankusu,CD4107,Djombo,CD4107ZS02,CD410702,0,0,0,0,
Equateur,CD41,Bolomba,CD4108,Lolanga Mampoko,CD4108ZS02,CD410802,0,0,0,0,
Equateur,CD41,Bolomba,CD4108,Monieka,CD4108ZS03,CD410803,0,0,0,0,
Equateur,CD41,Ingende,CD4109,Ingende,CD4109ZS01,CD410901,0,0,0,0,
Equateur,CD41,Ingende,CD4109,Lotumbe,CD4109ZS02,CD410902,0,0,0,0,
Sud-Ubangi,CD42,Gemena,CD4202,Bominenge,CD4202ZS02,CD420202,0,0,0,0,
Sud-Ubangi,CD42,Gemena,CD4202,Gemena,CD4202ZS04,CD420204,0,0,0,0,
Sud-Ubangi,CD42,Gemena,CD4202,Tandala,CD4202ZS05,CD420205,0,0,0,0,
Sud-Ubangi,CD42,Budjala,CD4203,Bangabola,CD4203ZS01,CD420301,0,0,0,0,
Sud-Ubangi,CD42,Budjala,CD4203,Budjala,CD4203ZS02,CD420302,0,0,0,0,
Sud-Ubangi,CD42,Budjala,CD4203,Bulu,CD4203ZS03,CD420303,0,0,0,0,
Sud-Ubangi,CD42,Budjala,CD4203,Mbaya,CD4203ZS04,CD420304,0,0,0,0,
Sud-Ubangi,CD42,Budjala,CD4203,Ndage,CD4203ZS05,CD420305,0,0,0,0,
Sud-Ubangi,CD42,Kungu,CD4204,Bokonzi,CD4204ZS01,CD420401,0,0,0,0,
Sud-Ubangi,CD42,Kungu,CD4204,Boto,CD4204ZS02,CD420402,0,0,0,0,
Sud-Ubangi,CD42,Kungu,CD4204,Kungu,CD4204ZS03,CD420403,0,0,0,0,
Sud-Ubangi,CD42,Libenge,CD4205,Libenge,CD4205ZS01,CD420501,0,0,0,0,
Sud-Ubangi,CD42,Zongo,CD4206,Zongo,CD4206ZS01,CD420601,0,0,0,0,
Nord-Ubangi,CD43,Gbadolite,CD4301,Gbadolite,CD4301ZS01,CD430101,0,0,0,0,
Nord-Ubangi,CD43,Mobayi-Mbongo,CD4302,Mobayi Mbongo,CD4302ZS01,CD430201,0,0,0,0,
Nord-Ubangi,CD43,Yakoma,CD4304,Abuzi,CD4304ZS01,CD430401,0,0,0,0,
Nord-Ubangi,CD43,Yakoma,CD4304,Wapinda,CD4304ZS02,CD430402,0,0,0,0,
Nord-Ubangi,CD43,Yakoma,CD4304,Wasolo,CD4304ZS03,CD430403,0,0,0,0,
Nord-Ubangi,CD43,Yakoma,CD4304,Yakoma,CD4304ZS04,CD430404,0,0,0,0,
Nord-Ubangi,CD43,Businga,CD4305,Businga,CD4305ZS01,CD430501,0,0,0,0,
Nord-Ubangi,CD43,Businga,CD4305,Karawa,CD4305ZS02,CD430502,0,0,0,0,
Nord-Ubangi,CD43,Businga,CD4305,Loko,CD4305ZS03,CD430503,0,0,0,0,
Nord-Ubangi,CD43,Bosobolo,CD4306,Bili,CD4306ZS01,CD430601,0,0,0,0,
Nord-Ubangi,CD43,Bosobolo,CD4306,Bosobolo,CD4306ZS02,CD430602,0,0,0,0,
Mongala,CD44,Lisala,CD4402,Binga,CD4402ZS01,CD440201,0,0,0,0,
Mongala,CD44,Lisala,CD4402,Boso Manzi,CD4402ZS02,CD440202,0,0,0,0,
Mongala,CD44,Lisala,CD4402,Lisala,CD4402ZS03,CD440203,0,0,0,0,
Mongala,CD44,Bumba,CD4404,Bumba,CD4404ZS01,CD440401,0,0,0,0,
Mongala,CD44,Bumba,CD4404,Lolo,CD4404ZS02,CD440402,0,0,0,0,
Mongala,CD44,Bumba,CD4404,Yamaluka,CD4404ZS03,CD440403,0,0,0,0,
Mongala,CD44,Bumba,CD4404,Yambuku,CD4404ZS04,CD440404,0,0,0,0,
Mongala,CD44,Bumba,CD4404,Yamongili,CD4404ZS05,CD440405,0,0,0,0,
Mongala,CD44,Bongandanga,CD4405,Bongandanga,CD4405ZS01,CD440501,0,0,0,0,
Mongala,CD44,Bongandanga,CD4405,Boso Mondanda,CD4405ZS02,CD440502,0,0,0,0,
Mongala,CD44,Bongandanga,CD4405,Bosondjo,CD4405ZS03,CD440503,0,0,0,0,
Mongala,CD44,Bongandanga,CD4405,Pimu,CD4405ZS04,CD440504,0,0,0,0,
Tshuapa,CD45,Boende,CD4502,Boende,CD4502ZS01,CD450201,0,0,0,0,
Tshuapa,CD45,Boende,CD4502,Wema,CD4502ZS02,CD450202,0,0,0,0,
Tshuapa,CD45,Befale,CD4503,Befale,CD4503ZS01,CD450301,0,0,0,0,
Tshuapa,CD45,Befale,CD4503,Mompono,CD4503ZS02,CD450302,0,0,0,0,
Tshuapa,CD45,Djolu,CD4504,Djolu,CD4504ZS01,CD450401,0,0,0,0,
Tshuapa,CD45,Djolu,CD4504,Lingomo,CD4504ZS02,CD450402,0,0,0,0,
Tshuapa,CD45,Ikela,CD4505,Ikela,CD4505ZS01,CD450501,0,0,0,0,
Tshuapa,CD45,Ikela,CD4505,Mondombe,CD4505ZS02,CD450502,0,0,0,0,
Tshuapa,CD45,Bokungu,CD4506,Bokungu,CD4506ZS01,CD450601,0,0,0,0,
Tshuapa,CD45,Bokungu,CD4506,Bosanga,CD4506ZS02,CD450602,0,0,0,0,
Tshuapa,CD45,Bokungu,CD4506,Yalifafo,CD4506ZS03,CD450603,0,0,0,0,
Tshuapa,CD45,Monkoto,CD4507,Monkoto,CD4507ZS01,CD450701,0,0,0,0,
Tshopo,CD51,Kisangani,CD5101,Kabondo,CD5101ZS01,CD510101,0,0,0,0,
Tshopo,CD51,Kisangani,CD5101,Lubunga,CD5101ZS02,CD510102,0,0,0,0,
Tshopo,CD51,Kisangani,CD5101,Makiso-Kisangani,CD5101ZS03,CD510103,0,0,0,0,
Tshopo,CD51,Kisangani,CD5101,Mangobo,CD5101ZS04,CD510104,0,0,0,0,
Tshopo,CD51,Kisangani,CD5101,Tshopo,CD5101ZS05,CD510105,0,0,0,0,
Tshopo,CD51,Ubundu,CD5102,Lowa,CD5102ZS01,CD510201,0,0,0,0,
Tshopo,CD51,Ubundu,CD5102,Ubundu,CD5102ZS02,CD510202,0,0,0,0,
Tshopo,CD51,Ubundu,CD5102,Wanierukula,CD5102ZS03,CD510203,0,0,0,0,
Tshopo,CD51,Opala,CD5103,Opala,CD5103ZS01,CD510301,0,0,0,0,
Tshopo,CD51,Opala,CD5103,Yaleko,CD5103ZS02,CD510302,0,0,0,0,
Tshopo,CD51,Isangi,CD5105,Isangi,CD5105ZS01,CD510501,0,0,0,0,
Tshopo,CD51,Isangi,CD5105,Yabaondo,CD5105ZS02,CD510502,0,0,0,0,
Tshopo,CD51,Isangi,CD5105,Yahisuli,CD5105ZS03,CD510503,0,0,0,0,
Tshopo,CD51,Isangi,CD5105,Yakusu,CD5105ZS04,CD510504,0,0,0,0,
Tshopo,CD51,Yahuma,CD5107,Yahuma,CD5107ZS01,CD510701,0,0,0,0,
Tshopo,CD51,Basoko,CD5109,Basali,CD5109ZS01,CD510901,0,0,0,0,
Tshopo,CD51,Basoko,CD5109,Basoko,CD5109ZS02,CD510902,0,0,0,0,
Tshopo,CD51,Basoko,CD5109,Yalimbongo,CD5109ZS03,CD510903,0,0,0,0,
Tshopo,CD51,Banalia,CD5110,Banalia,CD5110ZS01,CD511001,0,0,0,0,
Tshopo,CD51,Banalia,CD5110,Bengamisa,CD5110ZS02,CD511002,0,0,0,0,
Tshopo,CD51,Bafwasende,CD5111,Bafwagbogbo,CD5111ZS01,CD511101,0,0,0,0,
Tshopo,CD51,Bafwasende,CD5111,Bafwasende,CD5111ZS02,CD511102,0,0,0,0,
Tshopo,CD51,Bafwasende,CD5111,Opienge,CD5111ZS03,CD511103,0,0,0,0,
Bas-Uele,CD52,Buta,CD5202,Buta,CD5202ZS01,CD520201,0,0,0,0,
Bas-Uele,CD52,Buta,CD5202,Titule,CD5202ZS02,CD520202,0,0,0,0,
Bas-Uele,CD52,Aketi,CD5204,Aketi,CD5204ZS01,CD520401,0,0,0,0,
Bas-Uele,CD52,Aketi,CD5204,Likati,CD5204ZS02,CD520402,0,0,0,0,
Bas-Uele,CD52,Bondo,CD5206,Bondo,CD5206ZS02,CD520602,0,0,0,0,
Bas-Uele,CD52,Bondo,CD5206,Monga,CD5206ZS03,CD520603,0,0,0,0,
Bas-Uele,CD52,Ango,CD5207,Ango,CD5207ZS01,CD520701,0,0,0,0,
Bas-Uele,CD52,Poko,CD5208,Poko,CD5208ZS01,CD520801,0,0,0,0,
Bas-Uele,CD52,Poko,CD5208,Viadana,CD5208ZS02,CD520802,0,0,0,0,
Bas-Uele,CD52,Bambesa,CD5209,Ganga,CD5209ZS01,CD520901,0,0,0,0,
Haut-Uele,CD53,Rungu,CD5302,Isiro,CD5302ZS01,CD530201,0,0,0,0,
Haut-Uele,CD53,Rungu,CD5302,Rungu,CD5302ZS02,CD530202,0,0,0,0,
Haut-Uele,CD53,Niangara,CD5303,Niangara,CD5303ZS01,CD530301,0,0,0,0,
Haut-Uele,CD53,Dungu,CD5305,Doruma,CD5305ZS01,CD530501,0,0,0,0,
Haut-Uele,CD53,Dungu,CD5305,Dungu,CD5305ZS02,CD530502,0,0,0,0,
Haut-Uele,CD53,Faradje,CD5307,Aba,CD5307ZS01,CD530701,0,0,0,0,
Haut-Uele,CD53,Faradje,CD5307,Faradje,CD5307ZS02,CD530702,0,0,0,0,
Haut-Uele,CD53,Faradje,CD5307,Makoro,CD5307ZS03,CD530703,0,0,0,0,
Haut-Uele,CD53,Watsa,CD5309,Gombari,CD5309ZS01,CD530901,0,0,0,0,
Haut-Uele,CD53,Watsa,CD5309,Watsa,CD5309ZS02,CD530902,0,0,0,0,
Haut-Uele,CD53,Wamba,CD5311,Boma-Mangbetu,CD5311ZS01,CD531101,0,0,0,0,
Haut-Uele,CD53,Wamba,CD5311,Pawa,CD5311ZS02,CD531102,0,0,0,0,
Haut-Uele,CD53,Wamba,CD5311,Wamba,CD5311ZS03,CD531103,0,0,0,0,
Ituri,CD54,Mahagi,CD5407,Aungba,CD5407ZS02,CD540702,0,0,0,0,
Ituri,CD54,Djugu,CD5405,Bambu,CD5405ZS01,CD540501,0,0,0,0,
Ituri,CD54,Aru,CD5409,Biringi,CD5409ZS05,CD540905,0,0,0,0,
Ituri,CD54,Irumu,CD5402,Boga,CD5402ZS01,CD540201,0,0,0,0,
Ituri,CD54,Irumu,CD5402,Bunia,CD5402ZS02,CD540202,61,18,6,0,127
Ituri,CD54,Djugu,CD5405,Damas,CD5405ZS02,CD540502,0,0,0,0,
Ituri,CD54,Djugu,CD5405,Drodro,CD5405ZS03,CD540503,0,0,0,0,
Ituri,CD54,Djugu,CD5405,Fataki,CD5405ZS04,CD540504,0,1,0,0,
Ituri,CD54,Irumu,CD5402,Gethy,CD5402ZS03,CD540203,0,0,0,0,
Ituri,CD54,Djugu,CD5405,Jiba,CD5405ZS05,CD540505,0,0,0,0,
Ituri,CD54,Mahagi,CD5407,Kambala,CD5407ZS03,CD540703,0,0,0,0,
Ituri,CD54,Djugu,CD5405,Kilo,CD5405ZS06,CD540506,0,0,0,0,
Ituri,CD54,Irumu,CD5402,Komanda,CD5402ZS04,CD540204,0,0,0,0,
Ituri,CD54,Aru,CD5409,Laybo,CD5409ZS06,CD540906,0,0,0,0,
Ituri,CD54,Djugu,CD5405,Linga,CD5405ZS07,CD540507,0,0,0,0,
Ituri,CD54,Djugu,CD5405,Lita,CD5405ZS08,CD540508,0,0,0,0,
Ituri,CD54,Mahagi,CD5407,Logo,CD5407ZS04,CD540704,0,1,0,0,
Ituri,CD54,Mambasa,CD5403,Lolwa,CD5403ZS01,CD540301,0,0,0,0,
Ituri,CD54,Mahagi,CD5407,Mahagi,CD5407ZS05,CD540705,0,0,0,0,
Ituri,CD54,Mambasa,CD5403,Mambasa,CD5403ZS02,CD540302,0,0,0,0,
Ituri,CD54,Mambasa,CD5403,Mandima,CD5403ZS03,CD540303,0,0,0,0,
Ituri,CD54,Djugu,CD5405,Mangala,CD5405ZS09,CD540509,0,0,0,0,
Ituri,CD54,Djugu,CD5405,Mongbalu,CD5405ZS10,CD540510,302,74,1,0,161
Ituri,CD54,Mambasa,CD5403,Nia-Nia,CD5403ZS04,CD540304,0,0,0,0,
Ituri,CD54,Djugu,CD5405,Nizi,CD5405ZS11,CD540511,0,0,0,0,
Ituri,CD54,Irumu,CD5402,Nyakunde,CD5402ZS05,CD540205,14,1,4,0,133
Ituri,CD54,Mahagi,CD5407,Nyarambe,CD5407ZS06,CD540706,0,0,0,0,
Ituri,CD54,Djugu,CD5405,Rethy,CD5405ZS12,CD540512,0,0,0,0,
Ituri,CD54,Mahagi,CD5407,Rimba,CD5407ZS07,CD540707,0,0,0,0,0
Ituri,CD54,Irumu,CD5402,Rwampara,CD5402ZS06,CD540206,136,38,19,0,120
Ituri,CD54,Djugu,CD5405,Tchomia,CD5405ZS13,CD540513,0,0,0,0,
Nord-Kivu,CD61,Oïcha,CD6107,Kalunguta,CD6107ZS01,CD610701,0,0,0,0,
Nord-Kivu,CD61,Oïcha,CD6107,Kamango,CD6107ZS02,CD610702,0,0,0,0,
Nord-Kivu,CD61,Goma,CD6101,Karisimbi,CD6101ZS02,CD610102,0,0,0,0,
Nord-Kivu,CD61,Masisi,CD6103,Katoyi,CD6103ZS01,CD610301,0,0,0,0,
Nord-Kivu,CD61,Butembo,CD6110,Katwa,CD6110ZS02,CD611002,1,0,1,0,ND
Nord-Kivu,CD61,Lubero,CD6105,Kayna,CD6105ZS03,CD610503,0,0,0,0,
Nord-Kivu,CD61,Rutshuru,CD6111,Kibirizi,CD6111ZS04,CD611104,0,0,0,0,
Nord-Kivu,CD61,Walikale,CD6104,Kibua,CD6104ZS02,CD610402,0,0,0,0,
Nord-Kivu,CD61,Masisi,CD6103,Kirotshe,CD6103ZS02,CD610302,0,0,0,0,
Nord-Kivu,CD61,Oïcha,CD6107,Kyondo,CD6107ZS03,CD610703,0,0,0,0,
Nord-Kivu,CD61,Lubero,CD6105,Lubero,CD6105ZS04,CD610504,0,0,0,0,
Nord-Kivu,CD61,Oïcha,CD6107,Mabalako,CD6107ZS04,CD610704,0,0,0,0,
Nord-Kivu,CD61,Lubero,CD6105,Manguredjipa,CD6105ZS05,CD610505,0,0,0,0,
Nord-Kivu,CD61,Lubero,CD6105,Masereka,CD6105ZS06,CD610506,0,0,0,0,
Nord-Kivu,CD61,Masisi,CD6103,Masisi,CD6103ZS03,CD610303,0,0,0,0,
Nord-Kivu,CD61,Lubero,CD6105,Musienene,CD6105ZS07,CD610507,0,0,0,0,
Nord-Kivu,CD61,Oïcha,CD6107,Mutwanga,CD6107ZS05,CD610705,0,0,0,0,
Nord-Kivu,CD61,Masisi,CD6103,Mweso,CD6103ZS04,CD610304,0,0,0,0,
Nord-Kivu,CD61,Nyiragongo,CD6102,Nyiragongo,CD6102ZS01,CD610201,0,0,0,0,
Nord-Kivu,CD61,Oïcha,CD6107,Oicha,CD6107ZS06,CD610706,0,0,0,0,
Nord-Kivu,CD61,Walikale,CD6104,Pinga,CD6104ZS03,CD610403,0,0,0,0,
Nord-Kivu,CD61,Rutshuru,CD6111,Rutshuru,CD6111ZS05,CD611105,0,0,0,0,
Nord-Kivu,CD61,Rutshuru,CD6111,Rwanguba,CD6111ZS06,CD611106,0,0,0,0,
Nord-Kivu,CD61,Oïcha,CD6107,Vuhovi,CD6107ZS07,CD610707,0,0,0,0,
Nord-Kivu,CD61,Walikale,CD6104,Walikale,CD6104ZS04,CD610404,0,0,0,0,
Sud-Kivu,CD62,Bukavu,CD6201,Bagira,CD6201ZS01,CD620101,0,0,0,0,
Sud-Kivu,CD62,Bukavu,CD6201,Ibanda,CD6201ZS02,CD620102,0,0,0,0,
Sud-Kivu,CD62,Bukavu,CD6201,Kadutu,CD6201ZS03,CD620103,0,0,0,0,
Sud-Kivu,CD62,Kabare,CD6202,Kabare,CD6202ZS01,CD620201,0,0,0,0,
Sud-Kivu,CD62,Kabare,CD6202,Katana,CD6202ZS03,CD620203,0,0,0,0,
Sud-Kivu,CD62,Kabare,CD6202,Miti-Murhesa,CD6202ZS04,CD620204,0,0,0,0,
Sud-Kivu,CD62,Kabare,CD6202,Nyantende,CD6202ZS05,CD620205,0,0,0,0,
Sud-Kivu,CD62,Shabunda,CD6203,Kalole,CD6203ZS01,CD620301,0,0,0,0,
Sud-Kivu,CD62,Shabunda,CD6203,Lulingu,CD6203ZS02,CD620302,0,0,0,0,
Sud-Kivu,CD62,Shabunda,CD6203,Mulungu,CD6203ZS03,CD620303,0,0,0,0,
Sud-Kivu,CD62,Shabunda,CD6203,Shabunda,CD6203ZS04,CD620304,0,0,0,0,
Sud-Kivu,CD62,Kalehe,CD6205,Bunyakiri,CD6205ZS01,CD620501,0,0,0,0,
Sud-Kivu,CD62,Kalehe,CD6205,Kalehe,CD6205ZS02,CD620502,0,0,0,0,
Sud-Kivu,CD62,Kalehe,CD6205,Minova,CD6205ZS04,CD620504,0,0,0,0,
Sud-Kivu,CD62,Idjwi,CD6206,Idjwi,CD6206ZS01,CD620601,0,0,0,0,
Sud-Kivu,CD62,Walungu,CD6207,Mubumbano,CD6207ZS02,CD620702,0,0,0,0,
Sud-Kivu,CD62,Walungu,CD6207,Nyangezi,CD6207ZS03,CD620703,0,0,0,0,
Sud-Kivu,CD62,Uvira,CD6208,Hauts-Plateaux,CD6208ZS01,CD620801,0,0,0,0,
Sud-Kivu,CD62,Fizi,CD6210,Fizi,CD6210ZS01,CD621001,0,0,0,0,
Sud-Kivu,CD62,Fizi,CD6210,Kimbi Lulenge,CD6210ZS02,CD621002,0,0,0,0,
Sud-Kivu,CD62,Fizi,CD6210,Minembwe,CD6210ZS03,CD621003,0,0,0,0,
Sud-Kivu,CD62,Fizi,CD6210,Nundu,CD6210ZS04,CD621004,0,0,0,0,
Sud-Kivu,CD62,Mwenga,CD6212,Kamituga,CD6212ZS02,CD621202,0,0,0,0,
Sud-Kivu,CD62,Mwenga,CD6212,Kitutu,CD6212ZS03,CD621203,0,0,0,0,
Sud-Kivu,CD62,Mwenga,CD6212,Mwana,CD6212ZS04,CD621204,0,0,0,0,
Sud-Kivu,CD62,Mwenga,CD6212,Mwenga,CD6212ZS05,CD621205,0,0,0,0,
Maniema,CD63,Kindu,CD6301,Alunguli,CD6301ZS01,CD630101,0,0,0,0,
Maniema,CD63,Kindu,CD6301,Kindu,CD6301ZS02,CD630102,0,0,0,0,
Maniema,CD63,Kailo,CD6302,Kailo,CD6302ZS01,CD630201,0,0,0,0,
Maniema,CD63,Punia,CD6303,Ferekeni,CD6303ZS01,CD630301,0,0,0,0,
Maniema,CD63,Punia,CD6303,Punia,CD6303ZS02,CD630302,0,0,0,0,
Maniema,CD63,Lubutu,CD6305,Lubutu,CD6305ZS01,CD630501,0,0,0,0,
Maniema,CD63,Lubutu,CD6305,Obokote,CD6305ZS02,CD630502,0,0,0,0,
Maniema,CD63,Pangi,CD6307,Kalima,CD6307ZS01,CD630701,0,0,0,0,
Maniema,CD63,Pangi,CD6307,Kampene,CD6307ZS02,CD630702,0,0,0,0,
Maniema,CD63,Pangi,CD6307,Pangi,CD6307ZS03,CD630703,0,0,0,0,
Maniema,CD63,Kabambare,CD6309,Kabambare,CD6309ZS01,CD630901,0,0,0,0,
Maniema,CD63,Kabambare,CD6309,Lusangi,CD6309ZS02,CD630902,0,0,0,0,
Maniema,CD63,Kabambare,CD6309,Saramabila,CD6309ZS03,CD630903,0,0,0,0,
Maniema,CD63,Kasongo,CD6311,Kasongo,CD6311ZS01,CD631101,0,0,0,0,
Maniema,CD63,Kasongo,CD6311,Kunda,CD6311ZS02,CD631102,0,0,0,0,
Maniema,CD63,Kasongo,CD6311,Samba,CD6311ZS03,CD631103,0,0,0,0,
Maniema,CD63,Kibombo,CD6313,Kibombo,CD6313ZS01,CD631301,0,0,0,0,
Maniema,CD63,Kibombo,CD6313,Tunda,CD6313ZS02,CD631302,0,0,0,0,
Haut-Katanga,CD71,Lubumbashi,CD7101,Kamalondo,CD7101ZS01,CD710101,0,0,0,0,
Haut-Katanga,CD71,Lubumbashi,CD7101,Kampemba,CD7101ZS02,CD710102,0,0,0,0,
Haut-Katanga,CD71,Lubumbashi,CD7101,Katuba,CD7101ZS03,CD710103,0,0,0,0,
Haut-Katanga,CD71,Lubumbashi,CD7101,Kenya,CD7101ZS04,CD710104,0,0,0,0,
Haut-Katanga,CD71,Lubumbashi,CD7101,Kisanga,CD7101ZS05,CD710105,0,0,0,0,
Haut-Katanga,CD71,Lubumbashi,CD7101,Kowe,CD7101ZS06,CD710106,0,0,0,0,
Haut-Katanga,CD71,Lubumbashi,CD7101,Lubumbashi,CD7101ZS07,CD710107,0,0,0,0,
Haut-Katanga,CD71,Lubumbashi,CD7101,Mumbunda,CD7101ZS08,CD710108,0,0,0,0,
Haut-Katanga,CD71,Lubumbashi,CD7101,Tshamilemba,CD7101ZS10,CD710110,0,0,0,0,
Haut-Katanga,CD71,Lubumbashi,CD7101,Vangu,CD7101ZS11,CD710111,0,0,0,0,
Haut-Katanga,CD71,Kipushi,CD7102,Kafubu,CD7102ZS01,CD710201,0,0,0,0,
Haut-Katanga,CD71,Kipushi,CD7102,Kipushi,CD7102ZS02,CD710202,0,0,0,0,
Haut-Katanga,CD71,Sakania,CD7104,Sakania,CD7104ZS01,CD710401,0,0,0,0,
Haut-Katanga,CD71,Kambove,CD7105,Kambove,CD7105ZS01,CD710501,0,0,0,0,
Haut-Katanga,CD71,Kambove,CD7105,Kapolowe,CD7105ZS02,CD710502,0,0,0,0,
Haut-Katanga,CD71,Kambove,CD7105,Kilela Balanda,CD7105ZS03,CD710503,0,0,0,0,
Haut-Katanga,CD71,Kambove,CD7105,Manika,CD7105ZS04,CD710504,0,0,0,0,
Haut-Katanga,CD71,Kambove,CD7105,Panda,CD7105ZS05,CD710505,0,0,0,0,
Haut-Katanga,CD71,Likasi,CD7106,Likasi,CD7106ZS01,CD710601,0,0,0,0,
Haut-Katanga,CD71,Kasenga,CD7107,Kasenga,CD7107ZS01,CD710701,0,0,0,0,
Haut-Katanga,CD71,Kasenga,CD7107,Kikula,CD7107ZS02,CD710702,0,0,0,0,
Haut-Katanga,CD71,Kasenga,CD7107,Lukafu,CD7107ZS03,CD710703,0,0,0,0,
Haut-Katanga,CD71,Kasenga,CD7107,Kashobwe,CD7107ZS04,CD710704,0,0,0,0,
Haut-Katanga,CD71,Mitwaba,CD7108,Mitwaba,CD7108ZS01,CD710801,0,0,0,0,
Haut-Katanga,CD71,Mitwaba,CD7108,Mufunga Sampwe,CD7108ZS02,CD710802,0,0,0,0,
Haut-Katanga,CD71,Pweto,CD7109,Kilwa,CD7109ZS01,CD710901,0,0,0,0,
Haut-Katanga,CD71,Pweto,CD7109,Pweto,CD7109ZS02,CD710902,0,0,0,0,
Lualaba,CD72,Mutshatsha,CD7202,Dilala,CD7202ZS01,CD720201,0,0,0,0,
Lualaba,CD72,Mutshatsha,CD7202,Lualaba,CD7202ZS02,CD720202,0,0,0,0,
Lualaba,CD72,Mutshatsha,CD7202,Mutshatsha,CD7202ZS03,CD720203,0,0,0,0,
Lualaba,CD72,Lubudi,CD7203,Bunkeya,CD7203ZS01,CD720301,0,0,0,0,
Lualaba,CD72,Lubudi,CD7203,Fungurume,CD7203ZS02,CD720302,0,0,0,0,
Lualaba,CD72,Lubudi,CD7203,Kanzenze,CD7203ZS03,CD720303,0,0,0,0,
Lualaba,CD72,Lubudi,CD7203,Lubudi,CD7203ZS04,CD720304,0,0,0,0,
Lualaba,CD72,Dilolo,CD7205,Dilolo,CD7205ZS01,CD720501,0,0,0,0,
Lualaba,CD72,Dilolo,CD7205,Kasaji,CD7205ZS02,CD720502,0,0,0,0,
Lualaba,CD72,Sandoa,CD7206,Kafakumba,CD7206ZS01,CD720601,0,0,0,0,
Lualaba,CD72,Sandoa,CD7206,Sandoa,CD7206ZS02,CD720602,0,0,0,0,
Lualaba,CD72,Kapanga,CD7207,Kalamba,CD7207ZS01,CD720701,0,0,0,0,
Lualaba,CD72,Kapanga,CD7207,Kapanga,CD7207ZS02,CD720702,0,0,0,0,
Haut-Lomami,CD73,Kamina,CD7302,Baka,CD7302ZS01,CD730201,0,0,0,0,
Haut-Lomami,CD73,Kamina,CD7302,Kamina,CD7302ZS02,CD730202,0,0,0,0,
Haut-Lomami,CD73,Kamina,CD7302,Kinda,CD7302ZS03,CD730203,0,0,0,0,
Haut-Lomami,CD73,Kamina,CD7302,Songa,CD7302ZS04,CD730204,0,0,0,0,
Haut-Lomami,CD73,Kaniama,CD7303,Kaniama,CD7303ZS01,CD730301,0,0,0,0,
Haut-Lomami,CD73,Kabongo,CD7304,Kabongo,CD7304ZS01,CD730401,0,0,0,0,
Haut-Lomami,CD73,Kabongo,CD7304,Kayamba,CD7304ZS02,CD730402,0,0,0,0,
Haut-Lomami,CD73,Kabongo,CD7304,Kitenge,CD7304ZS03,CD730403,0,0,0,0,
Haut-Lomami,CD73,Bukama,CD7306,Kinkondja,CD7306ZS04,CD730604,0,0,0,0,
Haut-Lomami,CD73,Malemba-Nkulu,CD7305,Lwamba,CD7305ZS02,CD730502,0,0,0,0,
Haut-Lomami,CD73,Malemba-Nkulu,CD7305,Mukanga,CD7305ZS03,CD730503,0,0,0,0,
Haut-Lomami,CD73,Malemba-Nkulu,CD7305,Mulongo,CD7305ZS04,CD730504,0,0,0,0,
Haut-Lomami,CD73,Bukama,CD7306,Bukama,CD7306ZS01,CD730601,0,0,0,0,
Haut-Lomami,CD73,Bukama,CD7306,Butumba,CD7306ZS02,CD730602,0,0,0,0,
Haut-Lomami,CD73,Bukama,CD7306,Kabondo Dianda,CD7306ZS03,CD730603,0,0,0,0,
Haut-Lomami,CD73,Malemba-Nkulu,CD7305,Malemba,CD7305ZS01,CD730501,0,0,0,0,
Tanganyika,CD74,Kalemie,CD7402,Kalemie,CD7402ZS01,CD740201,0,0,0,0,
Tanganyika,CD74,Kalemie,CD7402,Nyemba,CD7402ZS02,CD740202,0,0,0,0,
Tanganyika,CD74,Moba,CD7404,Kansimba,CD7404ZS01,CD740401,0,0,0,0,
Tanganyika,CD74,Moba,CD7404,Moba,CD7404ZS02,CD740402,0,0,0,0,
Tanganyika,CD74,Manono,CD7406,Kiyambi,CD7406ZS02,CD740602,0,0,0,0,
Tanganyika,CD74,Manono,CD7406,Manono,CD7406ZS03,CD740603,0,0,0,0,
Tanganyika,CD74,Kabalo,CD7407,Kabalo,CD7407ZS01,CD740701,0,0,0,0,
Tanganyika,CD74,Kongolo,CD7409,Kongolo,CD7409ZS01,CD740901,0,0,0,0,
Lomami,CD81,Kabinda,CD8102,Kalonda Est,CD8102ZS02,CD810202,0,0,0,0,
Lomami,CD81,Kabinda,CD8102,Ludimbi Lukula,CD8102ZS03,CD810203,0,0,0,0,
Lomami,CD81,Mwene-Ditu,CD8103,Mwene Ditu,CD8103ZS02,CD810302,0,0,0,0,
Lomami,CD81,Luilu,CD8104,Kalenda,CD8104ZS01,CD810401,0,0,0,0,
Lomami,CD81,Luilu,CD8104,Kanda Kanda,CD8104ZS02,CD810402,0,0,0,0,
Lomami,CD81,Luilu,CD8104,Luputa,CD8104ZS03,CD810403,0,0,0,0,
Lomami,CD81,Luilu,CD8104,Wikong,CD8104ZS04,CD810404,0,0,0,0,
Lomami,CD81,Kamiji,CD8105,Kamiji,CD8105ZS01,CD810501,0,0,0,0,
Lomami,CD81,Ngandajika,CD8106,Kalambayi Kabanga,CD8106ZS01,CD810601,0,0,0,0,
Lomami,CD81,Ngandajika,CD8106,Mulumba,CD8106ZS02,CD810602,0,0,0,0,
Lomami,CD81,Lubao,CD8108,Kamana,CD8108ZS01,CD810801,0,0,0,0,
Lomami,CD81,Lubao,CD8108,Lubao,CD8108ZS02,CD810802,0,0,0,0,
Kasaï-Oriental,CD82,Mbuji-Mayi,CD8201,Dibindi,CD8201ZS03,CD820103,0,0,0,0,
Kasaï-Oriental,CD82,Mbuji-Mayi,CD8201,Lubilanji,CD8201ZS06,CD820106,0,0,0,0,
Kasaï-Oriental,CD82,Mbuji-Mayi,CD8201,Mpokolo,CD8201ZS08,CD820108,0,0,0,0,
Kasaï-Oriental,CD82,Lupatapata,CD8208,Mukumbi,CD8208ZS01,CD820801,0,0,0,0,
Sankuru,CD83,Lusambo,CD8302,Lusambo,CD8302ZS01,CD830201,0,0,0,0,
Sankuru,CD83,Lusambo,CD8302,Ototo,CD8302ZS02,CD830202,0,0,0,0,
Sankuru,CD83,Lusambo,CD8302,Pania Mutombo,CD8302ZS03,CD830203,0,0,0,0,
Sankuru,CD83,Lodja,CD8303,Omendjadi,CD8303ZS02,CD830302,0,0,0,0,
Sankuru,CD83,Lodja,CD8303,Vanga Kete,CD8303ZS03,CD830303,0,0,0,0,
Sankuru,CD83,Kole,CD8306,Bena Dibele,CD8306ZS01,CD830601,0,0,0,0,
Sankuru,CD83,Kole,CD8306,Kole,CD8306ZS02,CD830602,0,0,0,0,
Sankuru,CD83,Lomela,CD8307,Lomela,CD8307ZS01,CD830701,0,0,0,0,
Sankuru,CD83,Lomela,CD8307,Tshudi Loto,CD8307ZS02,CD830702,0,0,0,0,
Sankuru,CD83,Katako Kombe,CD8308,Djalo Djeka,CD8308ZS01,CD830801,0,0,0,0,
Sankuru,CD83,Katako Kombe,CD8308,Katako Kombe,CD8308ZS02,CD830802,0,0,0,0,
Sankuru,CD83,Katako Kombe,CD8308,Wembo Nyama,CD8308ZS03,CD830803,0,0,0,0,
Sankuru,CD83,Lubefu,CD8309,Dikungu,CD8309ZS01,CD830901,0,0,0,0,
Sankuru,CD83,Lubefu,CD8309,Minga,CD8309ZS02,CD830902,0,0,0,0,
Sankuru,CD83,Lubefu,CD8309,Tshumbe,CD8309ZS03,CD830903,0,0,0,0,
Kasaï-Central,CD91,Dibaya,CD9102,Dibaya,CD9102ZS02,CD910202,0,0,0,0,
Kasaï-Central,CD91,Dimbelenge,CD9107,Lubunga,CD9107ZS03,CD910703,0,0,0,0,
Kasaï,CD92,Kamonia,CD9202,Kalonda Ouest,CD9202ZS01,CD920201,0,0,0,0,
Kasaï,CD92,Kamonia,CD9202,Kanzala,CD9202ZS04,CD920204,0,0,0,0,
Kasaï,CD92,Kamonia,CD9202,Nyanga,CD9202ZS07,CD920207,0,0,0,0,
Kasaï,CD92,Kamonia,CD9202,Tshikapa,CD9202ZS08,CD920208,0,0,0,0,
Kasaï,CD92,Luebo,CD9204,Luebo,CD9204ZS01,CD920401,0,0,0,0,
Kasaï,CD92,Ilebo,CD9205,Banga Lubaka,CD9205ZS01,CD920501,0,0,0,0,
Kasaï,CD92,Mweka,CD9207,Bulape,CD9207ZS01,CD920701,0,0,0,0,
Kasaï,CD92,Mweka,CD9207,Kakenge,CD9207ZS02,CD920702,0,0,0,0,
Kasaï,CD92,Mweka,CD9207,Mushenge,CD9207ZS03,CD920703,0,0,0,0,
Kasaï,CD92,Mweka,CD9207,Mweka,CD9207ZS04,CD920704,0,0,0,0,
Kasaï,CD92,Dekese,CD9208,Dekese,CD9208ZS01,CD920801,0,0,0,0,
